id,person_id,event_name,timestamp
669,30fa7e410d134a7db0d80a19d50604eb,EV_PID_STRAP_TAMPER_START,2025-01-01T00:01:08.8350
4585,ff5066b9f62c428e838e1ef1c8eeb21b,EV_PID_STRAP_TAMPER_START,2025-01-01T00:01:23.8874
1307,969baca742114e3a88b747f46c346bfd,EV_PID_STRAP_TAMPER_START,2025-01-01T00:01:46.0099
5507,0144d9e666954edc9bdd5ee245db583d,EV_CURFEWED_PID_ABSENT,2025-01-01T00:01:51.1737
1914,7cec187cc5124b469cb55311235088be,EV_ZONE_INCLUSION_TU_ABSENT_AT_START_TIME,2025-01-01T00:02:01.0130
3418,d3c891ef8b2741a6bb56a50f709c4295,EV_EXCLUDED_PID_ARRIVED_DURING_EXCLUSION,2025-01-01T00:02:01.1385
1323,969baca742114e3a88b747f46c346bfd,EV_PID_STRAP_TAMPER_START,2025-01-01T00:02:01.4503
83231,05dd781f049c41a9ba329011c100d1fb,EV_PID_BATTERY_LOW,2025-01-01T00:02:03.5430
4626,ff5066b9f62c428e838e1ef1c8eeb21b,EV_PID_ABSENT,2025-01-01T00:02:04.9488
5831,b3a3e9416056491c8260eaae0617b621,EV_ZONE_EXCLUSION_TU_ARRIVED_DURING_TIME,2025-01-01T00:02:12.4874
438,50b17676e7fc4fbaa608fb11311ef7f3,EV_PID_STRAP_TAMPER_START,2025-01-01T00:02:17.4171
2268,cb85b366da004e6ba5e780a9ab81c288,EV_PID_ABSENT,2025-01-01T00:02:45.4945
1310,969baca742114e3a88b747f46c346bfd,EV_PID_STRAP_TAMPER_END,2025-01-01T00:02:48.5375
4383,5144488bd2c44bb2a0224660a674c262,EV_ZONE_EXCLUSION_TU_ARRIVED_DURING_TIME,2025-01-01T00:03:01.8081
1448,969baca742114e3a88b747f46c346bfd,EV_PID_STRAP_TAMPER_END,2025-01-01T00:03:04.1584
5577,0144d9e666954edc9bdd5ee245db583d,EV_PID_STRAP_TAMPER_START,2025-01-01T00:03:04.1876
2590,960404b2674a4cd98f9f68eb717aad3f,EV_PID_ABSENT,2025-01-01T00:03:08.8837
5294,0373510a4d47432eb28e9e34a718844a,EV_CURFEWED_PID_ABSENT,2025-01-01T00:03:15.9499
85294,568390c145b54c8cbbd7495bdde7a91d,EV_ENTER_LOW_POWER_STATE,2025-01-01T00:03:46.0010
1146,b311342ec76a443ca4c812b3eb65ae93,EV_PID_STRAP_TAMPER_START,2025-01-01T00:04:03.2027
4388,5144488bd2c44bb2a0224660a674c262,EV_EXCLUDED_PID_DEPARTED_DURING_EXCLUSION,2025-01-01T00:04:06.5553
5582,0144d9e666954edc9bdd5ee245db583d,EV_PID_STRAP_TAMPER_END,2025-01-01T00:04:08.3854
700,30fa7e410d134a7db0d80a19d50604eb,EV_PID_STRAP_TAMPER_END,2025-01-01T00:04:08.9497
3262,c45013e987484a0f9af193cb82352584,EV_CURFEWED_PID_ABSENT,2025-01-01T00:04:22.1569
4187,f50b2f6f03f343f99fb4fa65bf7a865c,EV_ZONE_EXCLUSION_TU_ARRIVED_DURING_TIME,2025-01-01T00:04:45.6320
1498,969baca742114e3a88b747f46c346bfd,EV_PID_STRAP_TAMPER_START,2025-01-01T00:04:53.1747
